heavy_user,sleep_ok,mean,count,std,ci_lo,ci_hi
0,0,0.9050279329608939,179,0.29399872792982473,0.8619579195309747,0.9480979463908131
0,1,0.3188405797101449,345,0.46670398040432914,0.2695926442831778,0.368088515137112
1,0,1.0,180,0.0,1.0,1.0
1,1,1.0,1,,,
